Date,Open,High,Low,Close,Volume
2024-01-02,44.67,44.87,43.8,43.91,18260797.0
2024-01-03,43.66,44.32,43.5,43.68,14669379.0
2024-01-04,43.75,43.78,42.34,43.24,33904543.0
2024-01-05,42.77,42.96,40.76,41.42,49522687.0
2024-01-08,41.28,41.28,40.49,40.6,30009112.0
2024-01-09,40.63,41.04,40.37,40.68,21174933.0
2024-01-10,40.68,41.46,40.26,40.98,20674583.0
2024-01-11,40.99,41.33,40.66,40.96,18971994.0
2024-01-12,40.69,41.08,40.41,40.59,13270135.0
2024-01-15,40.19,41.38,40.17,40.99,14893496.0
2024-01-16,40.68,41.13,40.29,40.89,18657709.0
2024-01-17,40.61,40.77,39.61,39.61,24023217.0
2024-01-18,39.5,40.88,38.98,40.77,38716460.0
2024-01-19,40.58,41.08,40.3,40.89,31739489.0
2024-01-22,40.88,41.18,39.63,40.27,34937745.0
2024-01-23,40.17,40.41,39.73,39.8,20886214.0
2024-01-24,40.17,40.22,39.01,40.01,25004207.0
2024-01-25,40.33,40.68,39.55,40.68,27891163.0
2024-01-26,40.39,40.7,39.51,39.8,30279954.0
2024-01-29,39.75,40.04,38.54,38.76,28105100.0
2024-01-30,38.73,38.95,38.08,38.21,23301300.0
2024-01-31,37.92,38.12,36.75,36.98,38059705.0
2024-02-01,36.73,37.58,36.42,36.69,30023460.0
2024-02-02,36.75,37.2,35.07,35.5,36047509.0
2024-02-05,35.53,37.48,35.34,36.93,49793860.0
2024-02-06,36.93,40.54,36.73,40.49,56819466.0
2024-02-07,40.73,41.34,40.0,41.32,52212378.0
2024-02-08,41.32,42.02,40.66,41.35,37994404.0
2024-02-19,41.34,41.64,40.54,41.14,25380790.0
2024-02-20,41.21,41.7,40.99,41.34,21225500.0
2024-02-21,41.36,41.93,40.93,41.69,29901470.0
2024-02-22,41.47,42.01,41.43,41.9,17530089.0
2024-02-23,41.9,42.32,41.36,41.86,22950641.0
2024-02-26,41.68,41.96,41.28,41.55,18878234.0
2024-02-27,41.57,41.8,41.32,41.74,17616119.0
2024-02-28,41.94,43.04,41.7,41.7,34011785.0
2024-02-29,41.69,42.31,41.57,42.11,25340841.0
2024-03-01,42.11,42.38,41.57,41.99,21563699.0
2024-03-04,41.99,43.43,41.93,43.35,37656812.0
2024-03-05,43.35,44.14,43.07,44.0,37120036.0
2024-03-06,44.09,44.34,43.15,43.41,21699075.0
2024-03-07,43.35,43.41,41.08,41.42,45743263.0
2024-03-08,41.41,42.17,41.1,41.37,27741788.0
2024-03-11,41.38,43.15,41.16,43.05,32546746.0
2024-03-12,43.16,44.72,42.66,44.37,43140972.0
2024-03-13,44.44,44.47,43.61,44.12,20749481.0
2024-03-14,48.39,48.53,45.93,46.44,109924476.0
2024-03-15,46.39,47.35,45.92,46.54,43857939.0
2024-03-18,46.41,47.08,45.87,46.69,29791431.0
2024-03-19,46.32,46.74,45.33,45.39,27204791.0
2024-03-20,45.09,45.34,44.74,45.06,22501410.0
2024-03-21,45.28,45.49,44.88,45.06,18335706.0
2024-03-22,44.97,45.42,44.54,45.35,24225421.0
2024-03-25,45.37,46.23,45.24,45.58,23261953.0
2024-03-26,45.52,46.01,45.3,45.69,20006073.0
2024-03-27,45.62,45.77,45.13,45.34,15566813.0
2024-03-28,45.34,46.27,44.97,45.63,21401947.0
2024-03-29,45.63,45.79,44.83,45.39,18703757.0
2024-04-01,45.4,46.21,45.4,45.74,20222435.0
2024-04-02,45.62,46.11,44.5,44.89,22490309.0
2024-04-03,44.54,44.76,43.96,44.2,23690420.0
2024-04-08,44.24,45.3,44.24,44.83,23626791.0
2024-04-09,44.83,45.06,43.73,44.97,21527235.0
2024-04-10,44.97,45.4,44.34,44.88,16353062.0
2024-04-11,44.49,44.92,44.07,44.38,18609152.0
2024-04-12,44.24,44.78,43.4,43.54,22211902.0
2024-04-15,43.59,44.58,43.54,44.0,22027768.0
2024-04-16,43.77,44.09,43.24,43.71,23385721.0
2024-04-17,43.79,44.22,43.29,43.83,23275600.0
2024-04-18,44.63,44.93,41.67,41.82,59016774.0
2024-04-19,41.47,41.81,40.7,41.16,38425460.0
2024-04-22,41.46,41.64,40.94,41.34,27806445.0
2024-04-23,41.34,43.72,41.28,43.52,49366110.0
2024-04-24,43.41,43.65,42.86,43.15,21625198.0
2024-04-25,43.15,44.41,42.96,43.75,24469103.0
2024-04-26,43.65,45.22,43.62,45.04,34278262.0
2024-04-29,45.03,46.27,44.96,45.6,34279567.0
2024-04-30,45.81,46.26,45.28,45.58,19250243.0
2024-05-06,46.34,47.27,45.84,46.57,32582423.0
2024-05-07,46.57,46.91,46.43,46.64,20377965.0
2024-05-08,46.67,46.78,45.67,45.84,26129151.0
2024-05-09,45.93,46.64,45.73,46.31,17514723.0
2024-05-10,46.2,46.46,45.61,45.9,15577277.0
2024-05-13,45.9,46.19,44.8,44.96,29175692.0
2024-05-14,44.96,45.21,44.65,44.76,19723737.0
2024-05-15,44.77,44.85,43.97,44.11,15942898.0
2024-05-16,44.44,44.55,43.84,44.13,23437708.0
2024-05-17,44.93,45.65,43.52,44.19,37685549.0
2024-05-20,43.73,44.23,42.94,43.26,39702265.0
2024-05-21,43.17,43.61,42.88,43.25,24438325.0
2024-05-22,43.35,43.41,42.86,42.99,25238847.0
2024-05-23,42.99,43.04,42.36,42.51,19702407.0
2024-05-24,42.51,42.64,41.85,41.91,22038350.0
2024-05-27,41.8,42.36,41.3,42.17,30678196.0
2024-05-28,42.17,43.04,41.83,42.73,37427881.0
2024-05-29,42.71,42.94,42.41,42.48,16676675.0
2024-05-30,42.51,42.7,42.01,42.34,13247711.0
2024-05-31,42.86,43.04,41.83,41.83,22865066.0
2024-06-03,41.69,42.16,41.54,41.97,18780093.0
2024-06-04,41.92,43.45,41.83,43.28,35813890.0
2024-06-05,43.28,43.75,43.14,43.37,18067577.0
2024-06-06,43.1,43.55,42.26,42.37,22586853.0
2024-06-07,42.45,42.72,41.62,41.62,23854735.0
2024-06-11,41.47,42.27,41.18,42.18,25112141.0
2024-06-12,42.19,42.19,41.39,41.57,21850545.0
2024-06-13,41.57,41.9,41.01,41.53,20729821.0
2024-06-14,41.38,41.57,40.57,41.38,41537240.0
2024-06-17,41.08,42.17,41.07,42.0,24198112.0
2024-06-18,41.97,42.18,41.29,41.44,20392334.0
2024-06-19,41.47,41.73,40.69,40.84,20101128.0
2024-06-20,40.82,41.25,40.07,40.09,24782740.0
2024-06-21,40.19,40.29,39.27,39.54,36455301.0
2024-06-24,39.5,40.13,39.04,39.79,27893044.0
2024-06-25,40.0,40.07,38.96,39.2,22458955.0
2024-06-26,39.19,39.54,38.94,39.4,22323523.0
2024-06-27,39.35,39.35,38.51,38.75,27183773.0
2024-06-28,38.71,38.95,37.85,37.98,30925798.0
2024-07-01,37.97,37.99,37.33,37.79,23890913.0
2024-07-02,37.75,37.77,36.77,37.0,31084695.0
2024-07-03,37.13,39.1,36.86,38.19,55275948.0
2024-07-04,38.19,38.96,37.85,37.97,28925733.0
2024-07-05,37.98,39.8,37.62,39.53,49365271.0
2024-07-08,38.71,39.6,37.96,38.72,49986820.0
2024-07-09,38.63,38.99,37.53,38.5,40106262.0
2024-07-10,38.51,39.29,38.39,38.92,20232304.0
2024-07-11,39.29,40.62,38.81,40.09,37980200.0
2024-07-12,40.53,41.18,40.17,40.95,31501013.0
2024-07-15,40.69,40.97,40.15,40.47,20710958.0
2024-07-16,40.34,40.75,40.11,40.64,22626802.0
2024-07-17,40.27,41.83,40.19,41.42,35683208.0
2024-07-18,41.48,42.1,41.38,41.83,30712230.0
2024-07-19,41.76,42.16,41.61,41.91,27751083.0
2024-07-22,41.9,42.77,41.53,42.44,32570326.0
2024-07-23,42.4,42.49,41.03,41.09,36689667.0
2024-07-24,40.97,41.74,40.89,41.08,20035166.0
2024-07-25,40.9,41.56,40.39,41.14,21908030.0
2024-07-26,41.14,41.26,40.28,40.76,22115817.0
2024-07-29,40.71,41.04,40.08,40.18,23478909.0
2024-07-30,40.19,40.35,39.32,39.69,24261502.0
2024-07-31,39.68,42.04,39.4,41.89,39572420.0
2024-08-01,41.87,42.18,41.43,41.63,17431319.0
2024-08-02,41.57,42.65,41.48,41.85,25582033.0
2024-08-05,41.85,43.25,41.79,42.32,32358803.0
2024-08-06,42.3,42.85,42.16,42.58,21771513.0
2024-08-07,42.55,42.56,41.79,41.83,17729345.0
2024-08-08,41.79,42.56,41.79,42.25,16488658.0
2024-08-09,42.37,42.97,42.09,42.1,15598427.0
2024-08-12,41.9,43.62,41.89,43.3,33283489.0
2024-08-13,43.27,43.27,42.08,42.34,22723619.0
2024-08-14,42.62,42.65,41.77,42.18,14184673.0
2024-08-15,42.06,43.32,42.0,42.59,21424655.0
2024-08-16,42.27,42.88,41.98,42.79,15694280.0
2024-08-19,42.88,43.27,41.45,41.79,23967290.0
2024-08-20,41.78,42.06,41.48,41.93,15398722.0
2024-08-21,41.87,42.47,41.72,41.99,16231298.0
2024-08-22,42.88,43.93,42.3,43.59,53734750.0
2024-08-23,43.35,43.61,42.75,43.29,27750880.0
2024-08-26,43.28,43.47,42.47,42.99,24522498.0
2024-08-27,42.94,43.64,42.78,43.27,22626754.0
2024-08-28,43.27,43.74,42.82,43.17,20622688.0
2024-08-29,43.15,44.21,42.97,43.98,30523004.0
2024-08-30,44.1,44.16,43.59,43.79,31328037.0
2024-09-02,43.67,44.03,42.69,43.56,25800846.0
2024-09-03,43.54,44.85,43.39,44.24,31647968.0
2024-09-04,44.04,44.8,43.83,44.17,21257720.0
2024-09-05,44.32,44.83,44.08,44.66,19863861.0
2024-09-06,44.8,44.8,44.06,44.06,14147570.0
2024-09-09,44.06,45.07,43.96,44.21,25601684.0
2024-09-10,44.06,44.36,43.38,44.14,19918291.0
2024-09-11,43.96,45.2,43.77,45.08,29157838.0
2024-09-12,44.88,45.43,44.41,44.63,18657815.0
2024-09-13,44.61,44.95,44.06,44.43,19509734.0
2024-09-18,44.55,45.24,44.44,44.78,17507905.0
2024-09-19,44.79,44.98,44.06,44.66,22401152.0
2024-09-20,44.56,44.56,42.0,42.38,66915599.0
2024-09-23,42.55,43.15,42.2,42.38,28475378.0
2024-09-24,43.05,43.39,41.92,43.33,43328054.0
2024-09-25,43.67,44.31,43.36,43.5,43382501.0
2024-09-26,43.8,46.14,43.38,46.1,47693338.0
2024-09-27,47.02,48.53,46.59,48.31,38062085.0
2024-09-30,49.82,52.34,49.62,51.9,101848211.0
2024-10-08,57.09,57.09,52.99,55.58,119259493.0
2024-10-09,54.58,54.58,51.17,51.29,90059068.0
2024-10-10,51.29,53.41,51.29,52.17,58528066.0
2024-10-11,51.73,52.17,49.3,49.82,49542203.0
2024-10-14,50.11,51.28,49.68,51.0,39584123.0
2024-10-15,51.0,52.22,50.16,50.21,36326359.0
2024-10-16,49.51,50.29,48.64,48.8,39738816.0
2024-10-17,48.92,50.14,48.84,48.84,34296311.0
2024-10-18,48.63,51.12,48.39,50.09,53672595.0
2024-10-21,50.21,50.68,48.95,50.17,47185178.0
2024-10-22,49.83,51.39,49.83,50.37,40107748.0
2024-10-23,50.44,50.79,49.76,50.3,37059732.0
2024-10-24,50.21,50.21,47.45,48.3,90154712.0
2024-10-25,48.23,48.23,46.36,47.63,94314886.0
2024-10-28,47.66,48.53,47.6,48.22,57114104.0
2024-10-29,48.25,48.54,47.73,47.81,39770039.0
2024-10-30,47.81,48.11,46.6,46.84,47548494.0
2024-10-31,46.85,47.04,46.2,46.24,45672171.0
2024-11-01,46.36,48.13,46.36,47.2,61995884.0
2024-11-04,47.73,48.02,46.9,47.62,40659229.0
2024-11-05,47.26,48.47,47.14,48.31,51436998.0
2024-11-06,48.34,49.3,47.88,48.38,53755839.0
2024-11-07,48.23,49.62,48.04,49.62,58406608.0
2024-11-08,49.72,50.11,48.77,49.12,65231445.0
2024-11-11,48.62,49.29,47.93,49.05,58679168.0
2024-11-12,49.05,50.39,48.68,48.91,76735680.0
2024-11-13,48.78,49.88,48.69,48.97,40914137.0
2024-11-14,48.89,49.32,48.06,48.08,38909169.0
2024-11-15,47.9,48.33,47.34,47.34,33086981.0
2024-11-18,47.35,47.69,46.64,46.84,30353555.0
2024-11-19,46.88,47.43,46.48,47.07,26030458.0
2024-11-20,47.08,50.4,47.08,50.07,109567359.0
2024-11-21,49.93,50.58,49.37,49.81,48847493.0
2024-11-22,49.81,50.24,47.83,47.9,50154761.0
2024-11-25,48.23,49.11,47.39,47.39,43612870.0
2024-11-26,47.49,49.18,47.43,48.31,39975602.0
2024-11-27,48.25,49.82,48.21,49.61,57454360.0
2024-11-28,49.57,50.36,48.94,49.32,36721023.0
2024-11-29,49.73,50.91,49.42,50.3,69304072.0
2024-12-02,50.21,50.4,49.64,50.06,41976462.0
2024-12-03,49.97,50.02,49.15,49.25,39619749.0
2024-12-04,49.27,49.6,48.87,49.02,25826013.0
2024-12-05,49.04,49.07,48.08,48.58,29810775.0
2024-12-06,48.58,49.42,48.47,49.15,34229110.0
2024-12-09,49.6,49.71,48.69,49.0,27661358.0
2024-12-10,49.87,49.87,47.25,47.76,102210021.0
2024-12-11,47.49,47.8,47.15,47.78,42944859.0
2024-12-12,47.78,47.78,47.24,47.67,36160892.0
2024-12-13,47.43,47.54,46.2,46.23,65077716.0
2024-12-16,46.22,46.22,45.45,45.72,35407912.0
2024-12-17,45.7,46.61,45.55,46.14,31587486.0
2024-12-18,46.34,46.69,46.17,46.23,24713965.0
2024-12-19,45.83,46.3,45.53,46.18,21746077.0
2024-12-20,46.18,46.52,45.87,45.9,26073276.0
2024-12-23,45.9,45.98,45.16,45.5,36192684.0
2024-12-24,45.5,46.3,45.43,45.98,29399109.0
2024-12-25,46.2,46.64,45.98,46.26,31525766.0
2024-12-26,46.14,46.18,45.41,45.76,25582787.0
2024-12-27,45.85,46.01,45.55,45.75,21250538.0
2024-12-30,45.94,46.4,45.7,45.79,25626685.0
2024-12-31,45.78,46.21,45.5,45.55,38816593.0
2025-01-02,45.53,45.75,44.36,44.61,34813241.0
2025-01-03,44.66,44.82,43.82,44.02,27387320.0
2025-01-06,44.41,44.77,44.04,44.67,30148116.0
2025-01-07,44.71,44.75,43.67,43.7,25742175.0
2025-01-08,43.71,43.84,42.62,43.22,35032742.0
2025-01-09,43.25,43.53,42.73,42.75,25776764.0
2025-01-10,42.73,43.08,42.2,42.34,26575159.0
2025-01-13,42.19,42.84,42.08,42.48,19112933.0
2025-01-14,42.48,44.07,42.48,43.95,33775503.0
2025-01-15,43.92,43.94,43.33,43.54,18496457.0
2025-01-16,43.74,43.81,42.53,42.57,31015771.0
2025-01-17,42.18,42.75,42.12,42.51,20061220.0
2025-01-20,42.96,45.01,42.95,44.18,55860298.0
2025-01-21,44.51,44.95,44.21,44.79,35398018.0
2025-01-22,44.69,44.89,43.9,44.09,21075095.0
2025-01-23,44.21,44.48,43.44,43.62,28608225.0
2025-01-24,43.53,44.8,43.49,44.3,35046072.0
2025-01-27,44.46,44.83,44.24,44.31,19306771.0
2025-02-05,44.33,44.46,43.53,43.67,27440678.0
2025-02-06,43.79,44.21,43.34,44.02,25217720.0
2025-02-07,44.02,45.98,43.66,44.94,50542235.0
2025-02-10,45.15,45.15,44.33,44.54,37889246.0
2025-02-11,44.66,44.76,43.71,43.85,31067830.0
2025-02-12,43.86,44.21,43.68,44.1,25175738.0
2025-02-13,43.96,44.72,43.72,44.3,37862524.0
2025-02-14,44.28,45.42,44.22,45.15,52217434.0
2025-02-17,45.45,45.96,44.61,44.91,55765326.0
2025-02-18,44.96,45.42,44.32,44.48,35021947.0
2025-02-19,44.4,44.83,43.86,44.37,36761103.0
2025-02-20,44.41,46.62,44.41,46.14,85405751.0
2025-02-21,46.34,48.11,46.17,47.91,97511816.0
2025-02-24,48.03,48.28,47.24,47.72,53308063.0
2025-02-25,47.28,47.88,46.81,47.01,35433199.0
2025-02-26,47.24,47.38,46.59,47.19,32811280.0
2025-02-27,47.04,47.99,46.83,47.54,36908148.0
2025-02-28,47.35,47.73,45.46,45.61,49161519.0
2025-03-03,45.6,46.45,45.42,45.57,31894554.0
2025-03-04,45.46,45.74,45.03,45.51,24333671.0
2025-03-05,45.51,45.77,45.11,45.63,25266965.0
2025-03-06,45.95,46.5,45.7,46.16,33138915.0
2025-03-07,46.05,46.05,45.17,45.33,33661440.0
2025-03-10,45.47,45.81,44.66,45.14,34360556.0
2025-03-11,44.71,45.14,44.61,44.99,29153512.0
2025-03-12,45.03,45.44,44.61,44.66,33955147.0
2025-03-13,44.71,44.93,44.43,44.69,24334895.0
2025-03-14,44.78,46.51,44.54,46.18,57320676.0
2025-03-17,46.96,46.99,46.03,46.12,27743095.0
2025-03-18,46.52,47.12,46.07,46.14,30830946.0
2025-03-19,46.16,47.75,45.95,46.93,48516179.0
2025-03-20,46.84,47.11,46.12,46.27,32518757.0
2025-03-21,46.05,46.27,44.49,44.51,54153818.0
2025-03-24,44.52,44.7,43.86,44.01,32707594.0
2025-03-25,44.13,44.68,43.89,44.53,22910500.0
2025-03-26,45.85,46.58,45.72,45.88,61103593.0
2025-03-27,45.73,48.05,45.25,48.02,86863207.0
2025-03-28,48.02,49.15,48.02,48.24,77299809.0
2025-03-31,48.61,49.7,48.48,48.82,78316591.0
2025-04-01,48.82,52.1,48.54,51.4,135906280.0
2025-04-02,50.93,51.36,50.27,50.46,63187882.0
2025-04-03,50.02,51.21,50.02,50.65,51785846.0
2025-04-07,48.43,49.47,46.4,48.33,115503305.0
2025-04-08,48.43,48.91,46.9,48.33,98764578.0
2025-04-09,47.37,47.85,45.51,47.85,97519951.0
2025-04-10,48.6,48.71,47.49,48.13,73171260.0
2025-04-11,47.79,48.31,47.43,48.01,42579799.0
2025-04-14,48.01,49.62,47.73,48.5,57183442.0
2025-04-15,48.23,48.56,47.55,47.9,32628885.0
2025-04-16,48.03,48.53,47.0,48.53,45534414.0
2025-04-17,48.17,48.5,47.95,48.41,30390040.0
2025-04-18,48.21,48.55,47.49,47.63,25330179.0
2025-04-21,47.34,49.02,47.27,48.79,37068001.0
2025-04-22,48.67,50.91,48.67,50.58,61789198.0
2025-04-23,50.57,51.06,50.23,50.7,38543044.0
2025-04-24,50.58,51.32,50.03,50.74,33607741.0
2025-04-25,51.29,51.6,49.59,49.89,52432914.0
2025-04-28,49.3,49.77,48.63,49.59,39621032.0
2025-04-29,49.33,49.35,48.51,49.22,34666988.0
2025-04-30,49.07,50.97,48.92,50.71,42933848.0
2025-05-06,51.7,51.78,50.34,50.61,38543945.0
2025-05-07,51.7,51.85,50.62,51.12,39728794.0
2025-05-08,50.83,51.33,50.64,51.17,29014812.0
2025-05-09,51.17,52.59,51.06,52.41,58603714.0
2025-05-12,51.6,51.6,49.82,50.3,84391222.0
2025-05-13,50.8,51.83,50.49,50.84,51913233.0
2025-05-14,50.63,52.84,50.62,52.5,62634690.0
2025-05-15,52.5,53.54,52.3,53.28,53361459.0
2025-05-16,53.08,53.59,52.5,53.44,38217660.0
2025-05-19,53.39,53.91,52.64,53.04,35019068.0
2025-05-20,53.88,54.73,53.38,54.03,59335691.0
2025-05-21,53.87,56.07,53.62,55.51,61240349.0
2025-05-22,55.57,55.93,54.74,55.18,41314629.0
2025-05-23,55.67,55.77,54.08,54.28,54184027.0
2025-05-26,53.98,54.41,52.84,53.13,53228437.0
2025-05-27,53.0,53.87,52.91,53.2,36032348.0
2025-05-28,53.37,54.71,53.11,54.03,35804983.0
2025-05-29,53.93,54.37,53.64,53.88,35485276.0
2025-05-30,54.07,55.43,54.03,54.52,47142160.0
2025-06-03,54.52,55.55,54.03,54.66,43445035.0
2025-06-04,54.62,55.61,54.39,55.07,36859302.0
2025-06-05,54.88,54.88,53.33,53.66,49527267.0
2025-06-06,53.68,53.96,53.16,53.58,34453388.0
2025-06-09,53.78,55.56,53.56,54.14,65690582.0
2025-06-10,54.16,55.57,54.16,54.91,48073517.0
2025-06-11,54.78,55.58,54.33,54.49,37773566.0
2025-06-12,54.18,55.97,53.78,55.59,49318822.0
2025-06-13,55.46,55.83,53.34,53.67,66023830.0
2025-06-16,53.19,53.86,52.88,53.54,39224137.0
2025-06-17,53.78,53.99,51.39,51.63,69518032.0
2025-06-18,51.49,52.02,51.11,51.6,33409543.0
2025-06-19,51.63,52.18,51.1,51.37,37316694.0
2025-06-20,51.54,52.12,51.42,51.55,24060775.0
2025-06-23,51.47,51.97,50.99,51.75,31328106.0
2025-06-24,51.88,52.29,51.52,51.94,45103539.0
2025-06-25,51.94,52.81,51.1,52.73,53648196.0
2025-06-26,52.39,52.73,51.69,51.87,39226868.0
2025-06-27,51.7,51.86,51.46,51.74,28776507.0
2025-06-30,51.7,51.98,50.78,51.69,44535488.0
2025-07-01,51.68,52.53,51.59,52.25,39772496.0
2025-07-02,52.19,53.22,51.89,52.04,32571223.0
2025-07-03,52.05,52.37,51.6,52.26,29367818.0
2025-07-04,52.4,53.57,52.39,53.04,47792312.0
2025-07-07,53.16,53.37,52.35,52.44,28638794.0
2025-07-08,52.48,53.47,52.29,53.18,35926315.0
2025-07-09,53.18,57.7,52.8,56.96,115821169.0
2025-07-10,56.9,58.04,56.38,57.37,90371570.0
2025-07-11,57.28,57.88,56.65,56.67,65863171.0
2025-07-14,56.52,57.81,56.33,56.98,47375836.0
2025-07-15,57.02,57.3,56.29,56.99,43692847.0
2025-07-16,57.42,58.66,56.81,56.99,39819120.0
2025-07-17,56.67,57.66,56.61,57.5,44414628.0
2025-07-18,57.97,59.62,57.66,58.52,66098565.0
2025-07-21,58.26,58.56,57.45,57.76,50944185.0
2025-07-22,57.76,58.61,56.97,57.18,47557025.0
2025-07-23,56.97,57.84,56.64,56.9,42529511.0
2025-07-24,57.21,57.74,56.72,57.27,46583415.0
2025-07-25,57.27,57.32,56.12,56.17,50539423.0
2025-07-28,59.86,61.79,59.42,61.79,163009595.0
2025-07-29,62.74,65.16,61.88,63.54,168276889.0
2025-07-30,63.55,64.47,62.4,63.33,98084933.0
2025-07-31,63.14,63.99,62.25,62.64,74203875.0
2025-08-01,62.57,63.32,60.51,61.06,73465464.0
2025-08-04,60.35,61.8,59.76,61.75,68961349.0
2025-08-05,61.86,62.21,61.31,62.05,54144318.0
2025-08-06,61.94,62.3,61.13,61.33,57247861.0
2025-08-07,61.0,61.85,60.45,60.56,50476397.0
2025-08-08,60.45,60.88,59.76,60.74,36297073.0
2025-08-11,60.74,61.17,60.43,60.82,42575238.0
2025-08-12,61.07,61.2,60.02,60.6,39183475.0
2025-08-13,60.6,63.25,60.6,62.36,81529632.0
2025-08-14,62.59,63.34,62.11,62.56,57126647.0
2025-08-15,62.39,64.01,62.21,63.14,61493254.0
2025-08-18,63.14,63.69,62.55,62.82,72885756.0
2025-08-19,63.14,65.13,61.38,61.44,99770049.0
2025-08-20,61.41,62.71,60.86,62.59,65042442.0
2025-08-21,63.72,65.06,62.69,63.73,85862923.0
2025-08-22,64.45,64.93,63.57,64.72,63771891.0
2025-08-25,64.72,66.13,64.11,65.99,84923381.0
2025-08-26,65.93,65.93,64.74,65.03,57512937.0
2025-08-27,64.75,65.44,62.78,62.79,83616934.0
2025-08-28,62.69,62.96,61.16,62.77,71590154.0
2025-08-29,62.77,66.6,62.77,65.96,102318607.0
2025-09-01,66.13,68.6,65.65,68.07,87218089.0
2025-09-02,69.52,70.48,67.52,68.59,108448969.0
2025-09-03,68.52,73.12,68.52,71.69,112936901.0
2025-09-04,70.98,71.29,67.23,68.37,110289406.0
2025-09-05,68.72,72.68,68.72,72.18,93647856.0
2025-09-08,72.7,73.57,71.35,72.02,74820928.0
2025-09-09,71.88,73.74,70.19,70.8,76767009.0
2025-09-10,70.55,71.48,69.8,70.03,46820413.0
2025-09-11,66.31,68.19,63.74,68.01,194235937.0
2025-09-12,68.0,69.23,67.58,68.73,83121521.0
2025-09-15,68.57,69.41,67.98,68.82,61188153.0
2025-09-16,68.82,69.06,68.06,68.87,43458205.0
2025-09-17,69.02,70.51,69.02,69.84,58603371.0
2025-09-18,70.27,72.82,69.62,70.8,86563888.0
2025-09-19,70.81,70.95,69.21,69.37,52439242.0
2025-09-22,70.2,72.4,70.11,70.76,57654243.0
2025-09-23,70.71,70.9,68.22,69.42,56132957.0
2025-09-24,69.42,70.09,69.02,69.82,39530211.0
2025-09-25,72.11,72.78,71.26,71.98,73903918.0
2025-09-26,70.51,71.08,68.95,69.8,69904485.0
2025-09-29,69.51,69.51,67.48,68.92,64799104.0
2025-09-30,68.72,71.29,68.52,71.26,57945078.0
2025-10-09,71.27,71.37,68.83,70.86,59279340.0
2025-10-10,70.09,70.59,67.57,67.92,70610070.0
2025-10-13,65.73,67.75,65.43,66.71,53228709.0
2025-10-14,67.34,67.38,63.44,64.01,70294663.0
2025-10-15,63.94,66.15,63.42,66.13,51123163.0
2025-10-16,66.16,68.22,65.45,66.57,46037757.0
2025-10-17,66.58,67.13,64.74,64.84,34950734.0
2025-10-20,65.72,66.24,64.57,64.87,32671694.0
2025-10-21,65.23,66.31,64.88,65.73,36956031.0
2025-10-22,65.98,66.52,64.75,64.99,39804808.0
2025-10-23,64.75,65.16,63.76,64.88,34278526.0
2025-10-24,64.99,66.09,64.75,65.23,37275277.0
2025-10-27,66.28,67.57,66.24,66.74,50892492.0
2025-10-28,64.95,65.19,63.24,63.36,108208999.0
2025-10-29,63.34,64.22,62.46,63.76,56217455.0
2025-10-30,63.76,63.76,62.61,62.62,60874000.0
2025-10-31,63.1,65.22,62.94,63.89,83706390.0
2025-11-03,64.7,64.73,62.56,63.14,46030561.0
2025-11-04,63.16,63.19,61.3,61.67,51560966.0
2025-11-05,61.05,62.24,60.97,61.71,33438078.0
2025-11-06,61.7,62.25,61.22,62.17,25252395.0
2025-11-07,61.75,62.24,61.25,61.33,27065428.0
2025-11-10,61.32,61.68,60.71,61.58,39624830.0
2025-11-11,61.7,61.95,60.75,60.81,27515998.0
2025-11-12,60.84,62.6,60.84,61.85,51426776.0
2025-11-13,62.44,63.53,61.98,63.3,50831837.0
2025-11-14,63.19,63.64,62.5,62.64,31950414.0
2025-11-17,62.63,62.79,61.16,61.55,31538452.0
2025-11-18,61.36,62.59,61.27,61.53,21910059.0
2025-11-19,61.25,61.53,60.77,60.86,21116242.0
2025-11-20,60.98,61.4,60.29,60.38,25348006.0
2025-11-21,60.08,60.85,59.07,59.26,44733534.0
2025-11-24,59.8,60.85,59.72,60.41,34397324.0
2025-11-25,60.85,61.36,60.28,60.63,26504513.0
2025-11-26,61.25,62.54,60.78,62.11,43986195.0
2025-11-27,62.35,62.7,61.69,61.84,25730763.0
2025-11-28,62.11,62.11,61.36,61.83,20277619.0
2025-12-01,61.83,61.84,60.81,61.69,25483095.0
2025-12-02,61.65,61.65,60.75,60.87,18230614.0
2025-12-03,60.85,61.3,60.45,60.72,19852976.0
2025-12-04,60.76,61.24,60.72,61.0,18040766.0
2025-12-05,60.94,61.54,60.45,61.37,23117615.0
2025-12-08,62.35,63.29,61.67,62.21,50861759.0
2025-12-09,62.07,63.89,62.05,62.82,49359339.0
2025-12-10,62.89,63.3,62.02,63.12,28895961.0
2025-12-11,63.3,63.68,62.85,63.14,24706127.0
2025-12-12,63.02,63.02,62.01,63.02,31562926.0
2025-12-15,62.43,62.43,61.13,61.13,29007220.0
2025-12-16,61.13,61.24,58.44,58.91,52378486.0
2025-12-17,59.11,60.55,58.77,60.05,33041782.0
2025-12-18,59.81,60.32,59.71,59.76,17930929.0
2025-12-19,59.83,61.13,59.67,60.6,28835842.0
2025-12-22,60.56,61.25,60.08,60.68,23670924.0
2025-12-23,60.6,62.31,60.59,61.55,32919095.0
2025-12-24,61.42,61.75,60.83,60.98,25050206.0
2025-12-25,60.97,61.41,60.78,61.15,15518175.0
2025-12-26,61.05,61.41,60.35,60.81,21430781.0
2025-12-29,60.81,61.02,60.16,60.26,28575162.0
2025-12-30,60.15,60.35,59.66,59.94,25330461.0
2025-12-31,59.92,60.11,59.26,59.33,26827896.0
2026-01-05,59.82,63.23,59.75,62.82,85117028.0
2026-01-06,63.1,63.22,62.15,62.8,46352457.0
2026-01-07,62.75,64.54,62.74,63.59,52465173.0
2026-01-08,64.74,64.79,62.77,63.34,44774854.0
2026-01-09,63.32,63.94,62.54,63.52,42635753.0
2026-01-12,63.84,64.04,62.95,63.59,42877019.0
2026-01-13,64.04,65.56,63.79,64.26,74034035.0
2026-01-14,64.29,65.33,62.94,63.35,62925534.0
2026-01-15,62.92,63.57,62.45,62.91,46761236.0
2026-01-16,63.09,63.26,61.41,61.69,52378628.0
2026-01-19,61.55,62.13,60.41,60.87,47389096.0
2026-01-20,60.88,61.4,60.15,60.25,42775492.0
2026-01-21,60.26,60.63,59.62,59.86,54603508.0
2026-01-22,60.11,60.11,59.06,59.2,53706813.0
2026-01-23,59.49,60.02,58.52,58.75,80804300.0
2026-01-26,58.75,58.92,57.81,57.92,72732888.0
2026-01-27,58.15,58.25,56.91,56.97,63725548.0
2026-01-28,57.21,57.57,56.07,56.32,87875043.0
2026-01-29,56.12,58.13,55.85,57.87,113782475.0
2026-01-30,57.76,59.55,57.53,57.92,85204489.0
2026-02-02,57.53,58.09,56.08,56.26,60957998.0
2026-02-03,56.77,57.46,56.27,57.24,49883453.0
2026-02-04,57.07,57.47,56.0,57.37,48924296.0
2026-02-05,57.27,58.23,57.07,57.92,51774555.0
2026-02-06,57.51,57.91,57.01,57.08,36090365.0
2026-02-09,57.52,57.65,56.77,57.22,36611688.0
2026-02-10,57.23,58.8,56.82,58.16,64886069.0
2026-02-11,58.16,59.71,58.11,58.66,57368008.0
2026-02-12,58.36,59.25,58.26,58.5,34868980.0
2026-02-13,58.52,58.81,57.89,57.99,34356810.0
2026-02-24,58.07,58.24,57.49,57.77,33898134.0
2026-02-25,57.74,57.96,57.35,57.62,42157937.0
2026-02-26,57.62,57.86,56.37,56.49,50898707.0
2026-02-27,56.39,57.04,56.07,56.33,36364110.0
2026-03-02,55.35,55.85,53.98,54.32,74206195.0
2026-03-03,54.48,55.11,53.23,53.39,60139910.0
2026-03-04,53.0,53.68,52.46,52.76,47151820.0
2026-03-05,53.19,54.62,52.88,53.5,48485984.0
2026-03-06,53.38,55.44,53.18,55.33,62911930.0
2026-03-09,54.56,54.96,53.83,54.72,42623328.0
2026-03-10,55.08,56.52,55.08,56.32,47360492.0
2026-03-11,56.22,56.32,55.37,55.6,32125928.0
2026-03-12,55.57,55.81,55.01,55.08,26669135.0
2026-03-13,55.08,55.4,54.73,54.89,24416444.0
2026-03-16,54.99,55.82,54.3,55.36,30775144.0
2026-03-17,55.46,57.21,55.15,56.07,50411099.0
2026-03-18,56.03,56.85,55.79,56.65,39379311.0
2026-03-19,55.94,56.8,55.68,55.79,34364651.0
2026-03-20,55.96,56.53,54.83,54.92,34739510.0
2026-03-23,53.96,54.13,52.2,52.57,48770157.0
2026-03-24,53.05,53.52,52.6,53.42,34835504.0
2026-03-25,53.78,54.64,53.62,53.88,41152562.0
2026-03-26,53.06,53.88,51.33,51.42,64941653.0
2026-03-27,51.09,55.25,50.9,54.96,99119628.0
2026-03-30,54.51,55.87,54.39,55.53,69727079.0
2026-03-31,55.63,57.15,54.98,55.0,69292392.0
2026-04-01,55.8,57.55,55.37,57.5,100551656.0
2026-04-02,57.51,58.11,56.78,57.14,76516985.0
2026-04-03,56.75,56.76,55.87,56.15,45491605.0
2026-04-07,56.28,56.62,54.78,55.89,40146688.0
2026-04-08,56.78,57.41,55.68,57.22,73446290.0
2026-04-09,56.69,57.73,56.48,56.73,48075474.0
2026-04-10,57.27,57.9,56.57,56.83,58779469.0
2026-04-13,56.37,56.41,54.79,54.98,79604438.0
2026-04-14,55.12,56.08,54.58,55.95,57445650.0
2026-04-15,57.7,58.21,56.81,57.5,102947951.0
2026-04-16,57.74,57.76,56.79,57.24,57671843.0
2026-04-17,56.97,56.97,55.78,56.1,63252368.0
2026-04-20,56.1,56.45,55.6,56.11,43304862.0
2026-04-21,56.12,56.53,55.32,55.52,43275130.0
2026-04-22,55.37,55.71,54.72,55.21,52356307.0
2026-04-23,55.8,57.72,55.8,56.17,96393800.0
2026-04-24,56.27,56.52,55.1,55.82,55779762.0
2026-04-27,55.83,55.84,54.98,55.15,45552955.0
2026-04-28,55.15,57.12,54.58,54.62,90311952.0
2026-04-29,54.61,54.86,53.98,54.77,59150922.0
2026-04-30,54.82,54.82,53.59,53.66,71248482.0
2026-05-06,53.76,53.89,53.18,53.41,66574753.0
2026-05-07,53.66,54.21,53.18,53.46,62345182.0
2026-05-08,53.66,53.7,52.47,52.59,80241465.0
2026-05-11,52.59,53.57,51.91,53.3,102306339.0
2026-05-12,53.31,58.63,52.54,55.88,246539965.0
2026-05-13,55.88,57.03,55.43,55.63,132779072.0
2026-05-14,55.57,56.51,54.06,54.1,91722681.0
2026-05-15,53.86,55.43,53.53,53.77,76598895.0
2026-05-18,53.56,53.58,51.98,52.22,78660889.0
2026-05-19,52.09,52.69,51.12,51.38,69909453.0
2026-05-20,51.3,51.75,50.18,50.74,82704641.0
2026-05-21,50.82,52.58,50.67,51.24,99402491.0
2026-05-22,51.34,51.37,50.2,50.26,67761985.0
2026-05-25,49.81,49.82,48.82,49.23,83835491.0
2026-05-26,48.88,49.97,48.6,49.0,71374551.0
2026-05-27,48.88,51.3,48.45,50.37,96115293.0
2026-05-28,50.06,50.58,47.85,48.0,97869676.0
2026-05-29,48.02,50.52,47.62,50.19,130040460.0
2026-06-01,50.32,51.2,49.0,49.17,94665292.0
2026-06-02,48.82,49.1,47.9,48.4,61144312.0
2026-06-03,48.1,48.18,47.2,47.2,81536421.0
2026-06-04,47.0,47.88,46.51,46.63,63924885.0
2026-06-05,47.48,48.72,47.0,47.08,93026396.0
2026-06-08,46.6,47.72,45.55,45.94,68421068.0
2026-06-09,46.34,46.6,45.26,46.38,62128609.0
2026-06-10,46.1,47.38,45.91,47.01,62157553.0
2026-06-11,46.7,47.2,46.22,46.98,47337364.0
2026-06-12,47.2,48.95,46.56,48.49,100299020.0
2026-06-15,48.44,48.8,47.62,47.88,66940790.0
2026-06-16,47.6,48.09,47.14,47.35,50293459.0
2026-06-17,47.37,47.66,46.78,46.99,51823862.0
2026-06-18,46.99,49.5,46.61,48.42,118592836.0
2026-06-22,48.2,49.41,47.3,49.36,94632110.0
2026-06-23,49.18,50.92,48.8,48.98,107582714.0
2026-06-24,48.98,51.36,48.93,50.25,135881224.0
2026-06-25,49.86,50.8,48.66,50.04,105138605.0
2026-06-26,50.46,50.73,48.62,48.67,74961679.0
2026-06-29,49.01,53.31,48.43,52.93,172756167.0
2026-06-30,52.97,53.45,51.7,52.04,114641266.0
2026-07-01,51.61,54.08,50.22,53.78,156930827.0
2026-07-02,53.8,55.45,53.09,53.49,132023817.0
