Date,Close,High,Low,Open,Volume
2025-09-17,257.70184326171875,259.9047553966949,254.01369860490186,257.11373687364005,6566900.0
2025-09-18,266.7129211425781,268.1184082496859,263.29391549540645,264.2109514959015,12601600.0
2025-09-19,265.0083923339844,266.54346797965053,262.7556521691149,266.44378221204164,5839100.0
2025-09-22,268.9656982421875,269.7930567169024,265.7261082678056,265.7958913526279,5721400.0
2025-09-23,268.646728515625,271.25833139290376,267.0518474732166,269.9226272655866,6068300.0
2025-09-24,268.2380065917969,268.89589608511557,264.75916531258935,267.8791439500675,7825500.0
2025-09-25,267.3807678222656,268.0785377604372,260.9613939024563,263.73248783033733,11157800.0
2025-09-26,267.9688415527344,268.5569783709552,264.8887434222226,267.66981471280934,7244300.0
2025-09-29,268.0685729980469,271.92617198970925,268.0087676198681,270.849644762665,5954900.0
2025-09-30,270.2515563964844,270.5805163912246,266.9023335907792,267.98883850405235,7091800.0
2025-10-01,275.454833984375,275.8136966636109,268.0187381060541,268.517136524008,9339600.0
2025-10-02,280.7876892089844,281.63497256143256,278.71433485806483,280.5982953859728,7250000.0
2025-10-03,279.0632019042969,283.4291764158736,277.5879622237318,282.04364478995194,8629100.0
2025-10-06,287.4363098144531,291.57304085833806,287.4263625319624,290.0578902580364,11275000.0
2025-10-07,281.0069580078125,290.5463096142012,280.62817039914273,290.0479112701243,9952000.0
2025-10-08,290.6061706542969,290.92512253654496,280.57839648400136,281.0967199100028,9301700.0
2025-10-09,289.26043701171875,290.6758712916227,286.5491487690031,290.14757025704085,7603500.0
2025-10-10,271.1187438964844,290.69584707224664,270.5904428248684,289.88844412166037,26691200.0
2025-10-13,283.9574890136719,285.0340465528319,279.44200089399476,281.87418742934375,8703400.0
2025-10-14,278.1361999511719,283.85780364443167,276.47153596991706,277.6078988828377,8476000.0
2025-10-15,286.7186279296875,287.09738513696135,280.9371886052611,285.33306586423816,7595200.0
2025-10-16,288.0543212890625,291.323813247951,285.0240508038079,290.14757002300155,7410400.0
2025-10-17,287.2469482421875,288.7122407600891,282.8111902987929,285.97104955053214,6261500.0
2025-10-20,292.0315246582031,294.0550207025158,289.56943564095195,289.6790686742763,5832300.0
2025-10-21,290.3968200683594,291.7624573391021,288.29359326464487,291.5630857962681,3965200.0
2025-10-22,283.2198791503906,288.90160264844985,277.5680279196614,287.18711093868836,7875300.0
2025-10-23,290.12762451171875,290.92504964728954,281.3458486405282,281.5850700972356,5374800.0
2025-10-24,294.91229248046875,297.26474879331386,294.4936548512888,295.3807882025296,4621200.0
2025-10-27,303.10595703125,304.03300117270146,299.4477298167244,300.46445159981647,5165000.0
2025-10-28,303.47479248046875,304.9899126381352,301.41141584074916,302.4879429807025,4156400.0
2025-10-29,308.6082763671875,311.7880603970378,305.9866960773903,308.87740053548447,4503100.0
2025-10-30,304.43170166015625,310.1234026335715,304.40179897419455,306.9535962423376,4630700.0
2025-10-31,305.5680236816406,310.32276352547734,303.28538108515033,307.71116097485117,5163900.0
2025-11-03,307.3922119140625,310.7514123706729,306.14621587408385,309.40573056353094,3750800.0
2025-11-04,295.31103515625,303.77383041020005,294.60328751290564,299.3779527906366,5288800.0
2025-11-05,304.49151611328125,308.1796763976118,295.9390130551064,296.2579649082695,4949400.0
2025-11-06,296.5470275878906,304.91016676574947,294.4039206993711,304.0230030732996,8548300.0
2025-11-07,293.4370422363281,293.50682531198845,282.6815964159268,291.7026255659488,13798600.0
2025-11-10,301.0326232910156,302.3882522910759,297.58371499867565,301.47121630158176,6030800.0
2025-11-11,294.2045593261719,299.0589547081866,293.7460413314789,298.08211334644164,5877900.0
2025-11-12,298.7100830078125,300.72360140775845,296.54702076574097,299.25830902953487,4145000.0
2025-11-13,288.4530334472656,296.178207859788,285.53242642174,294.9920173551182,10980600.0
2025-11-14,287.5957946777344,291.86208365951194,278.5149906556568,279.7211062363002,7142000.0
2025-11-17,282.65167236328125,290.5961433506025,279.3422999887281,285.1536418371506,8188700.0
2025-11-18,276.0927734375,280.50857571799247,273.2120162423481,278.6445706716342,11103100.0
2025-11-19,280.70794677734375,284.22666886652183,275.933311760458,277.2490909053272,5108100.0
2025-11-20,267.2412109375,289.06107566467506,266.1447284442148,287.97457087309044,13398300.0
2025-11-21,269.9624328613281,273.8798669531311,259.60573112066265,267.4106357808648,15355900.0
2025-11-24,281.7944641113281,283.1401154391535,272.7435322419641,272.9030233784093,6424800.0
2025-11-25,282.6716003417969,283.42917558298853,271.88628295546283,278.0664043647039,5942800.0
2025-11-26,290.4566345214844,293.137989930643,285.6919166084169,285.8015800748644,5818300.0
2025-11-28,295.78948974609375,296.03868896045685,290.89521352562315,292.31067844792904,3038000.0
2025-12-01,295.9689025878906,298.4608944476775,291.59295028059006,291.93185752314236,3933000.0
2025-12-02,301.86993408203125,303.86352764782447,297.733233516975,299.4876055892166,5086900.0
2025-12-03,308.3690490722656,308.5783983063584,300.50433799509307,303.52463113740134,3867100.0
2025-12-04,305.2989196777344,307.2825355558372,303.61433066875423,306.8539202368201,4639700.0
2025-12-05,308.408935546875,311.827941399943,307.9404398162924,308.3092497791249,4338100.0
2025-12-08,311.7581787109375,313.07392737550407,308.8774213407098,310.9308203270362,3620900.0
2025-12-09,311.1800231933594,311.84789044582226,308.44880964769214,309.7845137327931,2775300.0
2025-12-10,315.3166809082031,316.33343299212805,309.5651750064628,311.01054236272205,5093800.0
2025-12-11,313.51251220703125,313.7716891041025,304.8104957887452,311.7980205291164,6504700.0
2025-12-12,298.5207214355469,310.6018939794576,297.0055708063932,309.80443827468605,13813600.0
2025-12-15,297.055419921875,302.527824542518,296.27791964560976,301.63071351910787,5241800.0
2025-12-16,295.6838073730469,298.3990682908442,292.5692191867905,296.1928978508634,5850400.0
2025-12-17,284.7329406738281,297.6603544314462,283.93431655511347,296.8018677762725,10422000.0
2025-12-18,291.53106689453125,296.4424756910424,290.33314596326795,295.20464640262645,6740400.0
2025-12-19,299.2875061035156,301.16423462298206,293.98676250033844,294.1564796385429,5075000.0
2025-12-22,303.31048583984375,306.4050894756276,302.0227254290561,306.195463978558,4019000.0
2025-12-23,304.42852783203125,304.5882526505928,300.8447878966653,301.6833203458178,2708600.0
2025-12-24,305.6064758300781,305.9658338015207,304.1789448718017,304.4684479917254,1723200.0
2025-12-26,305.50665283203125,307.0040386850341,304.75795990552984,306.86426804917846,1860900.0
2025-12-29,304.78790283203125,305.92590022549217,301.3638878664137,302.8412890601837,3620700.0
2025-12-30,304.3886413574219,306.94417770932927,304.1690235241612,305.54659306254547,2984800.0
2025-12-31,300.6251525878906,305.5864921383389,300.58521376947544,305.10734817492647,2954200.0
2026-01-02,313.143310546875,315.259610984162,308.0222461214138,308.0222461214138,8491300.0
2026-01-05,317.5057067871094,322.07774217153394,316.32777051281096,320.14112061882224,7923200.0
2026-01-06,327.7778015136719,328.5763951946308,321.4388613537239,321.50874667851673,7579900.0
2026-01-07,324.32379150390625,325.3819416830062,321.5486072833937,324.48348584486445,4528500.0
2026-01-08,319.0230407714844,323.62502256750486,315.8485900058405,323.62502256750486,5408300.0
2026-01-09,328.20703125,330.09375215481725,320.5503844159139,322.23744167657026,7323100.0
2026-01-12,329.7742919921875,330.80249575159354,324.96268468668217,325.13240182524555,5159600.0
2026-01-13,332.7191467285156,335.8337351023236,331.3116307406964,332.2699492210399,3835900.0
2026-01-14,331.32159423828125,331.4114337402212,326.60981852870486,330.4531152551331,5468900.0
2026-01-15,336.63232421875,343.94953674286444,336.63232421875,342.50208195243584,6531500.0
2026-01-16,341.8731689453125,344.8080477602974,339.6270900847257,342.9113650375697,5127300.0
2026-01-20,336.7620849609375,342.59190356870363,335.3744927787384,335.61409523138167,6232600.0
2026-01-21,347.5332946777344,350.71770728752006,339.70693100565137,341.2442557052813,7204200.0
2026-01-22,348.0623779296875,353.982036266655,346.7646251918689,353.74243380455624,4662000.0
2026-01-23,344.1092834472656,347.42350516899216,341.57373170630325,345.7863789523926,4335900.0
2026-01-26,342.4721374511719,344.8978953661709,340.53551586203656,342.6917552746118,4458700.0
2026-01-27,350.4681396484375,352.5844705947769,346.04586737112646,347.55324555743795,5293600.0
2026-01-28,359.831787109375,361.40905056878637,356.0983148747054,357.9051579963048,5364000.0
2026-01-29,360.50067138671875,363.1660013750556,347.11403704970894,360.5505720670353,8446200.0
2026-01-30,345.6965026855469,359.562311682013,343.11101984541335,355.3796110141054,8719100.0
2026-02-02,352.07537841796875,355.48940140966465,341.3041733503751,341.7733555117363,7758000.0
2026-02-03,345.03765869140625,356.4976326958324,337.50079799662234,355.28974992473195,8371200.0
2026-02-04,329.80426025390625,344.7881124664873,322.7665278266332,341.58368451550945,15231400.0
2026-02-05,330.2534484863281,334.8853769718641,323.47530336740965,325.97094661235917,10406500.0
2026-02-06,347.90264892578125,348.9508068675265,335.28466248226584,336.81199487805145,9096100.0
2026-02-09,352.1551818847656,354.12174978961946,343.2806912079691,344.2390095910494,7091400.0
2026-02-10,350.8175354003906,354.42125988709546,347.5133063650548,352.9038893813699,6252400.0
2026-02-11,359.572265625,361.64862725440844,350.78758374207405,358.194665776388,7497000.0
2026-02-12,350.8874206542969,364.74323605116496,350.43819270952264,362.82656874169317,9488000.0
2026-02-13,354.04193115234375,356.98677185446326,348.07234164112015,352.1851567670597,5963000.0
2026-02-17,353.48291015625,356.47768200654684,344.71821242629034,349.20037788029504,4068900.0
2026-02-18,357.2962341308594,361.0396986696515,352.9837556707167,355.19988789625734,5681200.0
2026-02-19,355.2198486328125,355.69902306980765,351.1569344002297,353.562737977313,5576400.0
2026-02-20,358.8036193847656,360.70030219020555,352.1851685126437,352.97380032144923,6013600.0
2026-02-23,356.19818115234375,359.75197474364785,352.235098407653,356.9468741358667,6339800.0
2026-02-24,361.4090576171875,364.1043338710213,357.4160286801954,360.9698219969669,6206000.0
2026-02-25,367.3586730957031,368.17725136351226,364.87302225733015,365.56182220653614,4539900.0
2026-02-26,356.1781921386719,365.84134594705074,349.79934383880897,365.74151412426016,13329100.0
2026-02-27,351.6760559082031,353.41301377842825,347.7329275762485,348.99074146262876,6250200.0
2026-03-02,351.4364929199219,351.71600376335306,342.7416798068044,343.1909078065032,7284000.0
2026-03-03,334.1965637207031,338.7186678823022,330.3133588273358,337.50079280858,17946100.0
2026-03-04,340.94482421875,343.21085743852444,336.2031018011081,339.3675605439775,10649900.0
2026-03-05,337.1714172363281,343.1210225996734,329.9939443472676,338.30941479055457,7239300.0
2026-03-06,322.94622802734375,334.45613344767816,320.9297287894025,327.8276903700969,8733700.0
2026-03-09,335.7837829589844,336.58240702965486,315.6689056649952,317.755259640958,9824600.0
2026-03-10,338.21954345703125,344.9577800344219,335.7239002802199,335.7239002802199,7471000.0
2026-03-11,341.49383544921875,344.798064668758,339.8567093218302,339.90661000097685,6215100.0
2026-03-12,329.6145935058594,336.96175290477197,328.0673068147395,336.7521273934194,8008100.0
2026-03-13,330.74261474609375,337.81026300008796,329.2152823012173,333.2981509876596,6450800.0
2026-03-16,337.2412109375,341.4438956148958,335.7338633060224,338.2993915793759,8018200.0
2026-03-17,339.8663024902344,340.7752799476736,336.4102128429597,340.1759504667818,4472100.0
2026-03-18,337.90850830078125,343.0526943877554,337.90850830078125,340.145972427971,6363900.0
2026-03-19,339.81634521484375,342.3834236815784,326.39149999015314,328.38924445236114,8292100.0
2026-03-20,332.1350402832031,340.86517448462183,327.5701865279919,339.32690259781566,9441300.0
2026-03-23,336.21044921875,344.5410411726181,334.742105607407,339.7364674850137,8151000.0
2026-03-24,340.63543701171875,342.8329683697506,333.24378773595754,333.4136094476456,5287500.0
2026-03-25,344.86065673828125,347.28790907727944,341.7541785607685,343.78188808200304,5869000.0
2026-03-26,328.4791564941406,339.50671503820985,328.14951157004595,339.0672087948589,10172400.0
2026-03-27,323.1152038574219,329.57790848331484,321.79668518185446,326.4713999590535,6334800.0
2026-03-30,309.4406433105469,327.26052061835287,306.91349773371655,326.381508159775,13204800.0
2026-03-31,328.28936767578125,328.808770288191,314.52490885687587,315.24409811883856,14036500.0
2026-04-01,338.1582336425781,342.26358412317524,331.9752117278982,333.11391028742406,10130800.0
2026-04-02,339.2270202636719,340.0061699515804,324.6634749801785,324.74337135467016,6521000.0
2026-04-06,343.71197509765625,345.3800748193879,339.5366960712028,341.13486741382457,3105000.0
2026-04-07,347.3678283691406,347.5476180607461,338.08829649900076,342.6531500625684,4026000.0
2026-04-08,369.9822998046875,370.7314540417987,361.72163672408027,367.4751510197068,9868700.0
2026-04-09,378.2030029296875,378.52264936398547,370.88125230466017,370.88125230466017,6036700.0
2026-04-10,386.1640319824219,389.160648841339,382.23847121319955,382.23847121319955,5596900.0
2026-04-13,392.89642333984375,393.12617494074516,383.93653766897285,384.4459722920675,4377400.0
2026-04-14,400.7875061035156,400.98729275389286,393.06624284536053,397.3913464292439,5202600.0
2026-04-15,401.40679931640625,401.63655091446304,391.94750810024794,399.8585594775709,5570200.0
2026-04-16,405.4922180175781,407.0204914008164,397.54117264720645,400.1482451734148,4400500.0
2026-04-17,415.2412109375,415.2612078934778,409.11811863057164,412.9138518034335,5729100.0
2026-04-20,417.0791015625,418.38762178944404,411.32561805147856,416.9592417681482,3493500.0
2026-04-21,420.2255859375,422.87259141781584,416.2001318152785,419.9259059596456,3676800.0
2026-04-22,431.2830810546875,431.6726558827547,422.34319227911965,426.77818772008203,6557600.0
2026-04-23,440.502685546875,446.1363399667399,433.5505428544822,434.8490646548924,10812400.0
2026-04-24,461.0794677734375,463.34689695982416,450.46145016297606,457.0739800263554,9072000.0
2026-04-27,454.8964538574219,462.4778912240436,448.4237501510165,461.2293008049722,8924600.0
2026-04-28,438.2152404785156,445.6368845346263,431.2530996097027,437.1364718507275,11014900.0
2026-04-29,449.4825439453125,449.8621203028871,441.9111051988668,444.7578973975125,5972800.0
2026-04-30,460.91961669921875,461.61883947236913,448.8332562931358,455.186099698769,5170200.0
2026-05-01,465.2247619628906,466.38345745957537,454.5568133845637,457.95297302206717,4155900.0
2026-05-04,461.5389099121094,469.08038321477204,457.29370284486544,467.4022851488557,5233100.0
2026-05-05,482.1856384277344,485.63172958766444,469.6997346240088,470.60871207889966,7203000.0
2026-05-06,506.29840087890625,506.36832925628744,487.3098285867091,497.39844497422064,9768600.0
2026-05-07,491.8047180175781,503.11195901131794,487.5795079811288,502.3628048365533,9913700.0
2026-05-08,519.7132568359375,519.8731105485683,502.18305978172566,503.6713697865856,7754500.0
2026-05-11,532.1592407226562,533.1381161123509,521.0717211040693,523.4890360767519,7492600.0
2026-05-12,515.4080810546875,524.5577849797648,495.1509531017188,520.2625855439412,14660600.0
2026-05-13,527.6942749023438,531.649831529144,515.358225227092,527.0250474691601,7346400.0
2026-05-14,529.4323120117188,532.5287917410276,521.6211233454804,525.9062635450066,5212400.0
2026-05-15,507.946533203125,518.2049407942346,505.689102523983,511.09300534816634,9388200.0
2026-05-18,495.310791015625,519.3736509887315,486.3709024282328,517.4358363331016,9999000.0
2026-05-19,496.1798095703125,505.469340119585,477.41102126510907,483.85372921961635,12217000.0
2026-05-20,519.7232666015625,519.9529877313392,505.9787734005556,507.1574659330766,9457600.0
2026-05-21,524.1182861328125,526.1859590294976,514.419214528486,517.5856225259837,6749900.0
2026-05-22,536.7240600585938,541.278915223323,529.572100382316,531.2801939314617,7671100.0
2026-05-26,569.4471435546875,572.3039037370023,554.7836443543374,556.3618796789262,8926200.0
2026-05-27,563.343994140625,583.8408737514404,551.2676618768845,583.7210139497901,11412400.0
2026-05-28,568.8277587890625,575.1506372893397,554.2043151817788,563.6836032104075,6763900.0
2026-05-29,568.4382934570312,581.5734282669886,563.9633038762688,575.7899793139788,7323900.0
2026-06-01,571.2849731445312,577.3381362708786,556.7513947485623,563.0342789729394,6999500.0
2026-06-02,604.3377075195312,604.7572167934853,581.2737204679794,584.5100567997009,7475400.0
2026-06-03,614.9856567382812,618.1421271749191,597.335601232451,615.515088292184,8564700.0
2026-06-04,602.040283203125,610.5706916608957,576.8886860129818,586.9773328196101,11445300.0
2026-06-05,539.1613159179688,579.8453648133021,538.9615292665421,577.2083273336541,22377300.0
2026-06-08,570.8056030273438,580.724397911021,560.1575898884025,569.1275048352076,12843000.0
2026-06-09,561.5060424804688,587.9162263264502,521.6510166509593,584.7897514111362,24548100.0
2026-06-10,540.8993530273438,571.8643945620424,538.7717501349115,551.0378703693922,16672200.0
2026-06-11,586.2681274414062,587.3369281470209,554.1843531825181,554.7936506699355,12295400.0
2026-06-12,595.5775756835938,602.0103153757517,577.877588777847,583.4512520054726,9928200.0
2026-06-15,628.0393676757812,629.3084963500893,618.0459019191303,622.2031568359764,8170800.0
2026-06-16,590.8536987304688,629.2286341731728,590.2441119178459,623.4324358498682,11204900.0
2026-06-17,599.338134765625,621.5836005040006,598.558676111933,611.1604224747215,8948400.0
2026-06-18,639.0322265625,644.008953353386,625.7409283369193,626.1106817172305,9666000.0
2026-06-22,654.58203125,655.521419501022,643.5092537583249,653.5327295110004,7782700.0
2026-06-23,602.9957885742188,619.5349633995255,597.7991738055748,607.2430118282091,12712200.0
2026-06-24,601.1069946289062,609.2916459232655,586.2766638835977,605.7939327375611,9230700.0
2026-06-25,624.79150390625,638.0527917560053,598.4387390540763,636.9135829931789,12713200.0
2026-06-26,589.5545654296875,605.4941567040536,588.1255070389208,601.0470519103187,11017500.0
2026-06-29,613.9485473632812,614.947893943832,571.226481044734,593.3220802971213,11036800.0
2026-06-30,640.3413696289062,644.5186313091843,615.7474631953087,615.7474631953087,10112600.0
2026-07-01,599.3081665039062,622.4830165313937,597.4893483776784,616.4169753673208,9983000.0
2026-07-02,565.9500122070312,607.7126874945503,554.5474325704974,600.8471807666402,16092600.0
2026-07-06,581.1300659179688,597.6092820122047,580.1007096160339,582.7690090225544,8419400.0
2026-07-07,551.3295288085938,557.6953617780702,535.76969490981,551.569362233617,12285700.0
2026-07-08,561.6627807617188,564.1311375063801,543.5146129336553,544.3040747638953,7195400.0
2026-07-09,581.3199462890625,594.6012410301887,578.7616213586306,589.1148377962165,10026200.0
2026-07-10,580.960205078125,585.407248849365,566.2997458885624,571.6162773560638,5861000.0
2026-07-13,553.248291015625,566.2798105275496,549.9005040954034,563.2118089551955,8307000.0
2026-07-14,567.5488891601562,580.2905579771465,559.8739147921785,580.1306893632461,7372300.0
2026-07-15,554.9072265625,575.5037461091233,538.1781736208661,574.7442329058724,10199600.0
2026-07-16,530.1533813476562,545.1935357636474,525.0866866701973,538.6977827405376,10343300.0
2026-07-17,521.4690551757812,532.8416245437525,498.21427040415045,508.2177092903938,15576800.0
2026-07-20,523.7975463867188,539.1874475712847,522.4984079938097,533.6510893145976,6533100.0
2026-07-21,552.328857421875,554.7972141685074,539.797073410326,548.7411764027939,10079700.0
2026-07-22,555.1570434570312,560.8133183823086,538.3679717594432,538.3979814352139,6268400.0
2026-07-23,550.8798217773438,557.725382730554,543.4346772494523,545.1435819302097,6689500.0
2026-07-24,526.6656494140625,547.6419243104317,521.8687980425151,544.0042881305257,10952000.0
2026-07-27,515.8927001953125,533.9609046564084,499.6733236288105,532.2920128341661,13472800.0
2026-07-28,491.1388854980469,498.1543183485311,480.18605498914224,496.4154344765652,14904200.0
2026-07-29,464.6961669921875,495.73586981426325,463.7767547051993,488.3307078805422,18817200.0
2026-07-30,504.2003479003906,509.6467991669061,487.69115275212033,491.2488242719712,17477800.0
2026-07-31,504.56011962890625,532.3219364657475,500.9724384961598,526.7555685830342,13113700.0
2026-08-03,507.3482666015625,510.6161494507345,485.39262092443147,491.59858517127714,10302000.0
2026-08-04,541.8557739257812,545.0336889819155,526.2259775404111,528.9641776267814,10898600.0
2026-08-05,530.353271484375,547.2122443400897,528.5344532889302,536.049559503906,9649300.0
2026-08-06,532.1720581054688,542.2054757689932,516.0725384116527,522.3184545108952,7654700.0
2026-08-07,542.9150390625,547.542018633323,530.9228800356291,544.8437706532221,5262600.0
2026-08-10,529.0441284179688,546.8624349588413,529.0441284179688,545.4933349519387,8763500.0
2026-08-11,533.8509521484375,538.6977586353044,529.7535945969628,537.5584889018255,7176100.0
2026-08-12,546.2528076171875,553.7479068047626,546.1128844601539,553.0384097853138,7723600.0
2026-08-13,550.380126953125,561.8826158741501,546.0429969434823,546.7825036551087,5940700.0
2026-08-14,550.0603637695312,552.5287817025027,542.5752671508225,549.2209467443131,4309800.0
2026-08-17,558.7546997070312,565.6502160597287,555.4768743794982,557.5554715158735,5745000.0
2026-08-18,531.0427856445312,541.3460462865781,522.6882630026665,537.0688137120134,9993900.0
2026-08-19,519.3304443359375,537.6484850791136,514.1538361298878,535.9096317081766,8413800.0
2026-08-20,522.0086669921875,525.0866715686766,514.9233338250327,518.0412903068308,6269000.0
2026-08-21,519.710205078125,528.64436643046,514.3237120792468,527.8049494148268,6255600.0
2026-08-24,505.8492736816406,511.7753919229492,498.604010559317,511.63549925246286,7828600.0
2026-08-25,513.72412109375,519.7601527209125,509.3270020647953,515.572887942842,6445900.0
2026-08-26,515.0632934570312,516.0526368921371,508.9272903198681,511.75545844906395,4322200.0
2026-08-27,525.086669921875,527.4351709986416,516.6621855123542,525.7162631513477,9046000.0
2026-08-28,508.28765869140625,522.3085206534637,506.4888470250454,520.859455896157,8468500.0
2026-08-31,510.70611572265625,513.9939747093831,506.6987259348325,509.48691160128766,6241500.0
2026-09-01,499.98309326171875,504.3902154120586,494.7665028080142,501.1023565701915,8049500.0
2026-09-02,501.11236572265625,503.69066655319637,492.98767291728126,497.8544860202442,5804100.0
2026-09-03,501.87188720703125,502.9911505472596,488.8903538116206,496.3155224125844,6445600.0
2026-09-04,519.5203247070312,520.2198795474559,506.91857833494925,508.9772299540243,9234000.0
2026-09-08,528.0547485351562,533.9309112079761,525.146615878108,530.1533519203318,8833100.0
2026-09-09,531.6524047851562,535.1301115235327,524.5070520144628,524.5070520144628,6427500.0
2026-09-10,517.0919189453125,522.1586136739843,513.9739623423264,517.9813520840257,6651700.0
2026-09-11,526.7256469726562,530.6930239017322,520.789525422404,524.8968255215696,5663000.0
2026-09-14,497.07501220703125,502.8512345613354,494.8264822689738,496.84518199851885,11265500.0
2026-09-15,498.8500061035156,504.739990234375,496.5799865722656,502.54998779296875,6014200.0
2026-09-16,502.05999755859375,510.2950134277344,496.82000732421875,507.5,8330247.0
